{"loss": [1.3587324619293213, 0.4311622977256775, 0.2609623074531555, 0.17928262054920197, 0.1349649727344513, 0.10486338287591934, 0.08403245359659195, 0.07092146575450897, 0.06390734016895294, 0.05629668012261391], "accuracy": [0.6019774079322815, 0.8628067374229431, 0.9168503880500793, 0.941617488861084, 0.9547336101531982, 0.9657158851623535, 0.9727149605751038, 0.977110743522644, 0.979173481464386, 0.9817483425140381], "val_loss": [0.45471519231796265, 0.36076420545578003, 0.20218642055988312, 0.30202341079711914, 0.1372411847114563, 0.2174011617898941, 0.20543897151947021, 0.13580690324306488, 0.15108813345432281, 0.10864407569169998], "val_accuracy": [0.8556795120239258, 0.8837924003601074, 0.9356362223625183, 0.9085476994514465, 0.9573753476142883, 0.9348964095115662, 0.9388231039047241, 0.9617573618888855, 0.9556112289428711, 0.9673343896865845]}